	#	Ordem	Família	Espécie ou Subespécie	Categoria	CBRO 2021
406	*	Accipitriformes	Accipitridae	Amadonastur lacernulatus	VU	Amadonastur lacernulatus
407	*	Accipitriformes	Accipitridae	Circus cinereus	VU	Circus cinereus
408	*	Accipitriformes	Accipitridae	Harpia harpyja	VU	Harpia harpyja
409	*	Accipitriformes	Accipitridae	Leptodon forbesi	EN	Leptodon forbesi
410	*	Accipitriformes	Accipitridae	Morphnus guianensis	VU	Morphnus guianensis
411	*	Accipitriformes	Accipitridae	Urubitinga coronata	EN	Urubitinga coronata
412	*	Anseriformes	Anatidae	Mergus octosetaceus	CR	Mergus octosetaceus
413	*	Apodiformes	Trochilidae	Augastes lumachella	EN	Augastes lumachella
414		Apodiformes	Trochilidae	Campylopterus calcirupicola	EN	Campylopterus calcirupicola
415		Apodiformes	Trochilidae	Colibri delphinae greenewalti	EN	Colibri delphinae greenewalti
416	*	Apodiformes	Trochilidae	Discosura langsdorffi langsdorffi	EN	Discosura langsdorffi langsdorffi
417	*	Apodiformes	Trochilidae	Glaucis dohrnii	VU	Glaucis dohrnii
418	*	Apodiformes	Trochilidae	Lophornis gouldii	VU	Lophornis gouldii
419	*	Apodiformes	Trochilidae	Phaethornis aethopygus	VU	Phaethornis aethopygus
420	*	Apodiformes	Trochilidae	Phaethornis major	VU	Phaethornis major
421	*	Apodiformes	Trochilidae	Phaethornis margarettae	EN	Phaethornis margarettae
422	*	Apodiformes	Trochilidae	Thalurania watertonii	EN	Thalurania watertonii
423	*	Caprimulgiformes	Caprimulgidae	Hydropsalis candicans	EN	Hydropsalis candicans
424		Caprimulgiformes	Caprimulgidae	Nyctiprogne vielliardi	EN	Nyctiprogne vielliardi
425		Charadriiformes	Burhinidae	Burhinus bistriatus	VU	Burhinus bistriatus
426	*	Charadriiformes	Charadriidae	Charadrius wilsonia	VU	Charadrius wilsonia
427	*	Charadriiformes	Laridae	Sterna dougallii	VU	Sterna dougallii
428	*	Charadriiformes	Laridae	Sterna hirundinacea	VU	Sterna hirundinacea
429		Charadriiformes	Laridae	Thalasseus acuflavidus	VU	Thalasseus acuflavidus
430	*	Charadriiformes	Laridae	Thalasseus maximus	EN	Thalasseus maximus
431	*	Charadriiformes	Scolopacidae	Calidris canutus	VU	Calidris canutus
432	*	Charadriiformes	Scolopacidae	Calidris pusilla	EN	Calidris pusilla
433	*	Charadriiformes	Scolopacidae	Calidris subruficollis	VU	Calidris subruficollis
434	*	Charadriiformes	Scolopacidae	Limnodromus griseus	EN	Limnodromus griseus
435		Charadriiformes	Scolopacidae	Numenius hudsonicus	VU	Numenius hudsonicus
436	*	Columbiformes	Columbidae	Columbina cyanopis	CR	Columbina cyanopis
437	*	Columbiformes	Columbidae	Paraclaravis geoffroyi	CR (PEX)	Paraclaravis geoffroyi
438	*	Coraciiformes	Momotidae	Momotus momota marcgraviana	EN	Momotus momota marcgravianus
439	*	Cuculiformes	Cuculidae	Neomorphus geoffroyi	VU	Neomorphus geoffroyi
440	*	Cuculiformes	Cuculidae	Neomorphus geoffroyi amazonicus	VU	Neomorphus geoffroyi amazonicus
441	*	Cuculiformes	Cuculidae	Neomorphus geoffroyi dulcis	EN	Neomorphus geoffroyi dulcis
442	*	Cuculiformes	Cuculidae	Neomorphus geoffroyi geoffroyi	CR (PEX)	Neomorphus geoffroyi geoffroyi
443	*	Cuculiformes	Cuculidae	Neomorphus squamiger	VU	Neomorphus squamiger
444		Galbuliformes	Bucconidae	Malacoptila minor	VU	Malacoptila minor
445	*	Galbuliformes	Bucconidae	Monasa morphoeus morphoeus	EN	Monasa morphoeus morphoeus
446		Galliformes	Cracidae	Aburria cujubi	VU	Aburria cujubi
447	*	Galliformes	Cracidae	Aburria jacutinga	EN	Aburria jacutinga
448	*	Galliformes	Cracidae	Crax blumenbachii	EN	Crax blumenbachii
449	*	Galliformes	Cracidae	Crax fasciolata pinima	CR	Crax fasciolata pinima
450	*	Galliformes	Cracidae	Crax globulosa	EN	Crax globulosa
451	*	Galliformes	Cracidae	Ortalis remota	CR	Ortalis remota
452	*	Galliformes	Cracidae	Pauxi mitu	EW	Pauxi mitu
453	*	Galliformes	Cracidae	Penelope jacucaca	VU	Penelope jacucaca
454	*	Galliformes	Cracidae	Penelope pileata	VU	Penelope pileata
455	*	Galliformes	Cracidae	Penelope superciliaris alagoensis	CR	Penelope superciliaris alagoensis
456	*	Galliformes	Odontophoridae	Odontophorus capueira plumbeicollis	CR	Odontophorus capueira plumbeicollis
457	*	Gruiformes	Psophiidae	Psophia dextralis	VU	Psophia dextralis
458	*	Gruiformes	Psophiidae	Psophia interjecta	EN	Psophia interjecta
459	*	Gruiformes	Psophiidae	Psophia obscura	CR	Psophia obscura
460		Gruiformes	Psophiidae	Psophia viridis	VU	Psophia viridis
461	*	Gruiformes	Rallidae	Laterallus spilopterus	EN	Laterallus spilopterus
462		Gruiformes	Rallidae	Laterallus xenopterus	EN	Laterallus xenopterus
463	*	Nyctibiiformes	Nyctibiidae	Nyctibius aethereus aethereus	EN	Nyctibius aethereus aethereus
464	*	Nyctibiiformes	Nyctibiidae	Nyctibius leucopterus	CR	Nyctibius leucopterus
465		Passeriformes	Cardinalidae	Granatellus pelzelni paraensis	VU	Granatellus pelzelni paraensis
466	*	Passeriformes	Conopophagidae	Conopophaga cearae	EN	Conopophaga cearae
467	*	Passeriformes	Conopophagidae	Conopophaga lineata lineata	VU	Conopophaga lineata lineata
468	*	Passeriformes	Corvidae	Cyanocorax hafferi	VU	Cyanocorax hafferi
469	*	Passeriformes	Cotingidae	Cotinga maculata	EN	Cotinga maculata
470	*	Passeriformes	Cotingidae	Lipaugus conditus	VU	Lipaugus conditus
471	*	Passeriformes	Cotingidae	Procnias albus wallacei	VU	Procnias albus
472	*	Passeriformes	Cotingidae	Xipholena atropurpurea	VU	Xipholena atropurpurea
473		Passeriformes	Cotingidae	Xipholena lamellipennis	VU	Xipholena lamellipennis
474	*	Passeriformes	Dendrocolaptidae	Campylorhamphus cardosoi	VU	Campylorhamphus cardosoi
475	*	Passeriformes	Dendrocolaptidae	Campylorhamphus multostriatus	VU	Campylorhamphus multostriatus
476	*	Passeriformes	Dendrocolaptidae	Campylorhamphus trochilirostris trochilirostris	VU	Campylorhamphus trochilirostris trochilirostris
477	*	Passeriformes	Dendrocolaptidae	Dendrexetastes rufigula paraensis	VU	Dendrexetastes paraensis
478	*	Passeriformes	Dendrocolaptidae	Dendrocincla merula badia	VU	Dendrocincla merula badia
479	*	Passeriformes	Dendrocolaptidae	Dendrocincla taunayi	EN	Dendrocincla taunayi
480	*	Passeriformes	Dendrocolaptidae	Dendrocolaptes medius	VU	Dendrocolaptes medius
481	*	Passeriformes	Dendrocolaptidae	Dendrocolaptes retentus	VU	Dendrocolaptes retentus
482	*	Passeriformes	Dendrocolaptidae	Dendrocolaptes transfasciatus	VU	Dendrocolaptes transfasciatus
483	*	Passeriformes	Dendrocolaptidae	Hylexetastes brigidai	VU	Hylexetastes uniformis brigidai
484		Passeriformes	Dendrocolaptidae	Hylexetastes uniformis	VU	Hylexetastes uniformis
485	*	Passeriformes	Dendrocolaptidae	Xiphocolaptes carajaensis	VU	Xiphocolaptes carajaensis
486	*	Passeriformes	Dendrocolaptidae	Xiphocolaptes falcirostris	VU	Xiphocolaptes falcirostris
487	*	Passeriformes	Dendrocolaptidae	Xiphorhynchus atlanticus	VU	Xiphorhynchus atlanticus
488	*	Passeriformes	Dendrocolaptidae	Xiphorhynchus guttatoides gracilirostris	EN	Xiphorhynchus guttatoides gracilirostris
489	*	Passeriformes	Formicariidae	Chamaeza nobilis fulvipectus	VU	Chamaeza nobilis fulvipectus
490	*	Passeriformes	Fringillidae	Spinus yarrellii	VU	Spinus yarrellii
491	*	Passeriformes	Furnariidae	Acrobatornis fonsecai	VU	Acrobatornis fonsecai
492		Passeriformes	Furnariidae	Anabazenops dorsalis	VU	Anabazenops dorsalis
493	*	Passeriformes	Furnariidae	Asthenes hudsoni	VU	Asthenes hudsoni
494		Passeriformes	Furnariidae	Asthenes luizae	EN	Asthenes luizae
495	*	Passeriformes	Furnariidae	Automolus lammi	EN	Automolus lammi
496	*	Passeriformes	Furnariidae	Cinclodes espinhacensis	EN	Cinclodes espinhacensis
497	*	Passeriformes	Furnariidae	Coryphistera alaudina	CR	Coryphistera alaudina
498	*	Passeriformes	Furnariidae	Leptasthenura platensis	CR	Leptasthenura platensis
499	*	Passeriformes	Furnariidae	Pseudoseisura lophotes	VU	Pseudoseisura lophotes
500	*	Passeriformes	Furnariidae	Synallaxis infuscata	EN	Synallaxis infuscata
501	*	Passeriformes	Furnariidae	Synallaxis kollari	VU	Synallaxis kollari
502		Passeriformes	Furnariidae	Syndactyla ucayalae	VU	Syndactyla ucayalae
503	*	Passeriformes	Furnariidae	Thripophaga macroura	VU	Thripophaga macroura
504	*	Passeriformes	Grallariidae	Grallaria varia distincta	VU	Grallaria varia distincta
505	*	Passeriformes	Grallariidae	Grallaria varia intercedens	EN	Grallaria varia intercedens
506	*	Passeriformes	Grallariidae	Hylopezus paraensis	VU	Hylopezus paraensis
507		Passeriformes	Grallariidae	Hylopezus whittakeri	VU	Hylopezus whittakeri
508	*	Passeriformes	Icteridae	Anumara forbesi	VU	Anumara forbesi
509		Passeriformes	Icteridae	Cacicus koepckeae	VU	Cacicus koepckeae
510	*	Passeriformes	Icteridae	Xanthopsar flavus	VU	Xanthopsar flavus
511	*	Passeriformes	Motacillidae	Anthus nattereri	VU	Anthus nattereri
512		Passeriformes	Onychorhynchidae	Onychorhynchus swainsoni	VU	Onychorhynchus swainsoni
513		Passeriformes	Oxyruncidae	Oxyruncus cristatus tocantinsi	VU	Oxyruncus cristatus tocantinsi
514	*	Passeriformes	Passerellidae	Arremonops conirostris	EN	Arremonops conirostris
515	*	Passeriformes	Pipridae	Antilophia bokermanni	CR	Antilophia bokermanni
516	*	Passeriformes	Pipridae	Lepidothrix iris	EN	Lepidothrix iris
517	*	Passeriformes	Pipridae	Lepidothrix iris iris	EN	Lepidothrix iris iris
518	*	Passeriformes	Pipridae	Lepidothrix vilasboasi	EN	Lepidothrix vilasboasi
519	*	Passeriformes	Pipridae	Neopelma aurifrons	EN	Neopelma aurifrons
520	*	Passeriformes	Platyrinchidae	Calyptura cristata	CR (PEX)	Calyptura cristata
521		Passeriformes	Platyrinchidae	Platyrinchus leucoryphus	VU	Platyrinchus leucoryphus
522	*	Passeriformes	Platyrinchidae	Platyrinchus mystaceus niveigularis	VU	Platyrinchus mystaceus niveigularis
523	*	Passeriformes	Rhinocryptidae	Eleoscytalopus psychopompus	EN	Eleoscytalopus psychopompus
524	*	Passeriformes	Rhinocryptidae	Merulaxis stresemanni	CR	Merulaxis stresemanni
525	*	Passeriformes	Rhinocryptidae	Scytalopus diamantinensis	EN	Scytalopus diamantinensis
526	*	Passeriformes	Rhinocryptidae	Scytalopus gonzagai	EN	Scytalopus gonzagai
527	*	Passeriformes	Rhinocryptidae	Scytalopus iraiensis	EN	Scytalopus iraiensis
528	*	Passeriformes	Rhinocryptidae	Scytalopus novacapitalis	EN	Scytalopus novacapitalis
529		Passeriformes	Rhynchocyclidae	Cnipodectes superrufus	VU	Cnipodectes superrufus
530	*	Passeriformes	Rhynchocyclidae	Hemitriccus kaempferi	VU	Hemitriccus kaempferi
531	*	Passeriformes	Rhynchocyclidae	Hemitriccus mirandae	EN	Hemitriccus mirandae
532	*	Passeriformes	Rhynchocyclidae	Phylloscartes beckeri	EN	Phylloscartes beckeri
533	*	Passeriformes	Rhynchocyclidae	Phylloscartes ceciliae	CR	Phylloscartes ceciliae
534	*	Passeriformes	Rhynchocyclidae	Phylloscartes roquettei	EN	Phylloscartes roquettei
535		Passeriformes	Rhynchocyclidae	Poecilotriccus albifacies	VU	Poecilotriccus albifacies
536	*	Passeriformes	Scleruridae	Geositta poeciloptera	VU	Geositta poeciloptera
537	*	Passeriformes	Scleruridae	Sclerurus caudacutus caligineus	CR	Sclerurus caudacutus caligineus
538	*	Passeriformes	Scleruridae	Sclerurus caudacutus umbretta	CR	Sclerurus caudacutus umbretta
539	*	Passeriformes	Scleruridae	Sclerurus cearensis	EN	Sclerurus cearensis
540	*	Passeriformes	Scleruridae	Sclerurus macconnelli bahiae	EN	Sclerurus macconnelli bahiae
541		Passeriformes	Thamnophilidae	Clytoctantes atrogularis	VU	Clytoctantes atrogularis
542	*	Passeriformes	Thamnophilidae	Dysithamnus plumbeus	EN	Dysithamnus plumbeus
543		Passeriformes	Thamnophilidae	Epinecrophylla dentei	VU	Epinecrophylla dentei
544	*	Passeriformes	Thamnophilidae	Formicivora acutirostris	VU	Formicivora acutirostris
545	*	Passeriformes	Thamnophilidae	Formicivora erythronotos	CR	Formicivora erythronotos
546	*	Passeriformes	Thamnophilidae	Formicivora grantsaui	EN	Formicivora grantsaui
547	*	Passeriformes	Thamnophilidae	Formicivora littoralis	EN	Formicivora littoralis
548	*	Passeriformes	Thamnophilidae	Formicivora paludicola	CR	Formicivora paludicola
549		Passeriformes	Thamnophilidae	Hypocnemis hypoxantha ochraceiventris	VU	Hypocnemis hypoxantha ochraceiventris
550	*	Passeriformes	Thamnophilidae	Hypocnemis ochrogyna	VU	Hypocnemis ochrogyna
551		Passeriformes	Thamnophilidae	Hypocnemis striata	VU	Hypocnemis striata
552	*	Passeriformes	Thamnophilidae	Myrmoderus ruficauda	EN	Myrmoderus ruficauda
553	*	Passeriformes	Thamnophilidae	Myrmotherula fluminensis	CR (PEX)	Myrmotherula fluminensis
554	*	Passeriformes	Thamnophilidae	Myrmotherula minor	VU	Myrmotherula minor
555		Passeriformes	Thamnophilidae	Myrmotherula oreni	VU	Myrmotherula oreni
556	*	Passeriformes	Thamnophilidae	Myrmotherula snowi	CR	Myrmotherula snowi
557	*	Passeriformes	Thamnophilidae	Myrmotherula urosticta	VU	Myrmotherula urosticta
558		Passeriformes	Thamnophilidae	Phlegopsis borbae	VU	Phlegopsis borbae
559	*	Passeriformes	Thamnophilidae	Phlegopsis nigromaculata confinis	VU	Phlegopsis nigromaculata confinis
560	*	Passeriformes	Thamnophilidae	Phlegopsis nigromaculata paraensis	VU	Phlegopsis nigromaculata paraensis
561	*	Passeriformes	Thamnophilidae	Pyriglena atra	EN	Pyriglena atra
562	*	Passeriformes	Thamnophilidae	Pyriglena pernambucensis	VU	Pyriglena pernambucensis
563	*	Passeriformes	Thamnophilidae	Rhegmatorhina gymnops	VU	Rhegmatorhina gymnops
564		Passeriformes	Thamnophilidae	Rhegmatorhina hoffmannsi	VU	Rhegmatorhina hoffmannsi
565	*	Passeriformes	Thamnophilidae	Rhopornis ardesiacus	EN	Rhopornis ardesiacus
566	*	Passeriformes	Thamnophilidae	Terenura sicki	CR	Terenura sicki
567	*	Passeriformes	Thamnophilidae	Thamnomanes caesius caesius	VU	Thamnomanes caesius caesius
568	*	Passeriformes	Thamnophilidae	Thamnophilus aethiops distans	EN	Thamnophilus aethiops distans
569	*	Passeriformes	Thamnophilidae	Thamnophilus caerulescens cearensis	VU	Thamnophilus caerulescens cearensis
570	*	Passeriformes	Thamnophilidae	Thamnophilus caerulescens pernambucensis	VU	Thamnophilus caerulescens pernambucensis
571		Passeriformes	Thamnophilidae	Thamnophilus nigrocinereus huberi	VU	Thamnophilus nigrocinereus huberi
572	*	Passeriformes	Thamnophilidae	Thamnophilus nigrocinereus tschudii	EN	Thamnophilus nigrocinereus tschudii
573	*	Passeriformes	Thraupidae	Conothraupis mesoleuca	EN	Conothraupis mesoleuca
574	*	Passeriformes	Thraupidae	Coryphaspiza melanotis	VU	Coryphaspiza melanotis
575	*	Passeriformes	Thraupidae	Gubernatrix cristata	CR	Gubernatrix cristata
576	*	Passeriformes	Thraupidae	Nemosia rourei	CR	Nemosia rourei
577	*	Passeriformes	Thraupidae	Sporophila beltoni	VU	Sporophila beltoni
578	*	Passeriformes	Thraupidae	Sporophila falcirostris	VU	Sporophila falcirostris
579	*	Passeriformes	Thraupidae	Sporophila frontalis	VU	Sporophila frontalis
580	*	Passeriformes	Thraupidae	Sporophila hypoxantha	VU	Sporophila hypoxantha
581	*	Passeriformes	Thraupidae	Sporophila maximiliani	CR	Sporophila maximiliani
582	*	Passeriformes	Thraupidae	Sporophila melanogaster	VU	Sporophila melanogaster
583	*	Passeriformes	Thraupidae	Sporophila nigrorufa	VU	Sporophila nigrorufa
584	*	Passeriformes	Thraupidae	Sporophila palustris	VU	Sporophila palustris
585	*	Passeriformes	Thraupidae	Sporophila ruficollis	VU	Sporophila ruficollis
586	*	Passeriformes	Thraupidae	Tangara cyanocephala cearensis	VU	Tangara cyanocephala cearensis
587	*	Passeriformes	Thraupidae	Tangara fastuosa	VU	Tangara fastuosa
588	*	Passeriformes	Thraupidae	Tangara velia signata	VU	Tangara velia signata
589	*	Passeriformes	Tityridae	Iodopleura pipra	EN	Iodopleura pipra
590	*	Passeriformes	Tityridae	Iodopleura pipra leucopygia	EN	Iodopleura pipra leucopygia
591	*	Passeriformes	Tityridae	Iodopleura pipra pipra	EN	Iodopleura pipra pipra
592		Passeriformes	Tityridae	Laniisoma elegans	EN	Laniisoma elegans
593	*	Passeriformes	Tityridae	Schiffornis turdina intermedia	VU	Schiffornis turdina intermedia
594		Passeriformes	Troglodytidae	Cyphorhinus griseolateralis	VU	Cyphorhinus griseolateralis
595	*	Passeriformes	Turdidae	Cichlopsis leucogenys	EN	Cichlopsis leucogenys
596	*	Passeriformes	Tyrannidae	Alectrurus tricolor	VU	Alectrurus tricolor
597	*	Passeriformes	Tyrannidae	Attila spadiceus uropygiatus	EN	Attila spadiceus uropygiatus
598		Passeriformes	Tyrannidae	Contopus nigrescens	VU	Contopus nigrescens
599	*	Passeriformes	Tyrannidae	Elaenia ridleyana	VU	Elaenia ridleyana
600		Passeriformes	Tyrannidae	Knipolegus franciscanus	VU	Knipolegus franciscanus
601		Passeriformes	Tyrannidae	Phyllomyias reiseri	EN	Phyllomyias reiseri
602	*	Passeriformes	Tyrannidae	Serpophaga hypoleuca pallida	VU	Serpophaga hypoleuca pallida
603	*	Passeriformes	Tyrannidae	Stigmatura napensis napensis	VU	Stigmatura napensis napensis
604	*	Passeriformes	Tyrannidae	Xolmis dominicanus	VU	Heteroxolmis dominicanus
605	*	Passeriformes	Vireonidae	Vireo gracilirostris	VU	Vireo gracilirostris
606	*	Passeriformes	Xenopidae	Xenops minutus alagoanus	VU	Xenops minutus alagoanus
607	*	Pelecaniformes	Ardeidae	Tigrisoma fasciatum	VU	Tigrisoma fasciatum
608	*	Phaethontiformes	Phaethontidae	Phaethon aethereus	EN	Phaethon aethereus
609	*	Phaethontiformes	Phaethontidae	Phaethon lepturus	EN	Phaethon lepturus
610	*	Piciformes	Capitonidae	Capito dayi	VU	Capito dayi
611	*	Piciformes	Picidae	Celeus flavus subflavus	CR	Celeus flavus subflavus
612	*	Piciformes	Picidae	Celeus galeatus	EN	Celeus galeatus
613	*	Piciformes	Picidae	Celeus obrieni	VU	Celeus obrieni
614	*	Piciformes	Picidae	Celeus torquatus pieteroyensi	VU	Celeus torquatus pieteroyensi
615	*	Piciformes	Picidae	Celeus torquatus tinnunculus	EN	Celeus torquatus tinnunculus
616	*	Piciformes	Picidae	Piculus paraensis	VU	Piculus paraensis
617	*	Piciformes	Picidae	Piculus polyzonus	EN	Piculus polyzonus
618	*	Piciformes	Ramphastidae	Pteroglossus bitorquatus bitorquatus	VU	Pteroglossus bitorquatus bitorquatus
619	*	Piciformes	Ramphastidae	Selenidera gouldii baturitensis	EN	Selenidera gouldii
620	*	Procellariiformes	Diomedeidae	Diomedea dabbenena	CR	Diomedea dabbenena
621	*	Procellariiformes	Diomedeidae	Diomedea epomophora	VU	Diomedea epomophora
622	*	Procellariiformes	Diomedeidae	Diomedea exulans	CR	Diomedea exulans
623	*	Procellariiformes	Diomedeidae	Diomedea sanfordi	EN	Diomedea sanfordi
624	*	Procellariiformes	Diomedeidae	Thalassarche chlororhynchos	EN	Thalassarche chlororhynchos
625	*	Procellariiformes	Procellariidae	Procellaria aequinoctialis	VU	Procellaria aequinoctialis
626	*	Procellariiformes	Procellariidae	Procellaria conspicillata	VU	Procellaria conspicillata
627	*	Procellariiformes	Procellariidae	Pterodroma arminjoniana	CR	Pterodroma arminjoniana
628	*	Procellariiformes	Procellariidae	Pterodroma deserta	VU	Pterodroma deserta
629	*	Procellariiformes	Procellariidae	Pterodroma incerta	EN	Pterodroma incerta
630	*	Procellariiformes	Procellariidae	Pterodroma madeira	EN	Pterodroma madeira
631	*	Procellariiformes	Procellariidae	Puffinus lherminieri	CR	Puffinus lherminieri
632	*	Psittaciformes	Psittacidae	Amazona pretrei	VU	Amazona pretrei
633	*	Psittaciformes	Psittacidae	Amazona rhodocorytha	VU	Amazona rhodocorytha
634	*	Psittaciformes	Psittacidae	Amazona vinacea	VU	Amazona vinacea
635	*	Psittaciformes	Psittacidae	Anodorhynchus leari	EN	Anodorhynchus leari
636	*	Psittaciformes	Psittacidae	Aratinga solstitialis	EN	Aratinga solstitialis
637	*	Psittaciformes	Psittacidae	Cyanopsitta spixii	CR	Cyanopsitta spixii
638	*	Psittaciformes	Psittacidae	Guaruba guarouba	VU	Guaruba guarouba
639	*	Psittaciformes	Psittacidae	Pionus reichenowi	VU	Pionus reichenowi
640	*	Psittaciformes	Psittacidae	Pyrilia vulturina	VU	Pyrilia vulturina
641		Psittaciformes	Psittacidae	Pyrrhura amazonum	VU	Pyrrhura amazonum
642		Psittaciformes	Psittacidae	Pyrrhura anerythra	VU	Pyrrhura anerythra
643	*	Psittaciformes	Psittacidae	Pyrrhura coerulescens	VU	Pyrrhura coerulescens
644	*	Psittaciformes	Psittacidae	Pyrrhura cruentata	VU	Pyrrhura cruentata
645	*	Psittaciformes	Psittacidae	Pyrrhura griseipectus	EN	Pyrrhura griseipectus
646	*	Psittaciformes	Psittacidae	Pyrrhura leucotis	VU	Pyrrhura leucotis
647		Psittaciformes	Psittacidae	Pyrrhura molinae	VU	Pyrrhura molinae
648		Psittaciformes	Psittacidae	Pyrrhura pallescens	VU	Pyrrhura pallescens
649		Psittaciformes	Psittacidae	Pyrrhura perlata	VU	Pyrrhura perlata
650	*	Psittaciformes	Psittacidae	Pyrrhura pfrimeri	EN	Pyrrhura pfrimeri
651	*	Psittaciformes	Psittacidae	Touit melanonotus	VU	Touit melanonotus
652	*	Psittaciformes	Psittacidae	Touit surdus	VU	Touit surdus
653	*	Strigiformes	Strigidae	Pulsatrix perspicillata pulsatrix	CR	Pulsatrix perspicillata pulsatrix
654	*	Strigiformes	Strigidae	Strix huhula albomarginata	VU	Strix huhula albomarginata
655	*	Suliformes	Fregatidae	Fregata minor	CR	Fregata minor
656	*	Suliformes	Fregatidae	Fregata trinitatis	CR	Fregata trinitatis
657	*	Suliformes	Sulidae	Sula sula	EN	Sula sula
658	*	Tinamiformes	Tinamidae	Crypturellus zabele	VU	Crypturellus zabele
659	*	Tinamiformes	Tinamidae	Nothura minor	EN	Nothura minor
660	*	Tinamiformes	Tinamidae	Taoniscus nanus	EN	Taoniscus nanus
661	*	Tinamiformes	Tinamidae	Tinamus tao	VU	Tinamus tao
662	*	Trogoniformes	Trogonidae	Trogon collaris eytoni	EN	Trogon collaris eytoni
