especie,especieCBRO
Aburria jacutinga,Aburria jacutinga
Accipiter bicolor,Accipiter bicolor
Accipiter poliogaster,Accipiter poliogaster
Accipiter superciliosus,Hieraspiza superciliosa
Acrobatornis fonsecai,Acrobatornis fonsecai
Aegolius harrisii,Aegolius harrisii
Agelaius thilius,Agelasticus thilius
Agelasticus cyanopus,Agelasticus cyanopus
Agelasticus thilius,Agelasticus thilius
Agelatius cyanopus,Agelasticus cyanopus
Alectrurus risora,Alectrurus risora
Alectrurus tricolor,Alectrurus tricolor
Alipiopsitta xanthops,Alipiopsitta xanthops
Amadonastur lacernulatus,Amadonastur lacernulatus
Amaurolimnas concolor,Amaurolimnas concolor
Amaurospiza moesta,Amaurospiza moesta
Amazona amazonica,Amazona amazonica
Amazona brasiliensis,Amazona brasiliensis
Amazona farinosa,Amazona farinosa
Amazona ochrocephala xantholaema,Amazona ochrocephala xantholaema
Amazona pretrei,Amazona pretrei
Amazona rhodochoryta,Amazona rhodocorytha
Amazona rhodocorytha,Amazona rhodocorytha
Amazona vinacea,Amazona vinacea
Amazona xanthops,Alipiopsitta xanthops
Anabacerthia amaurofis,Anabacerthia amaurotis
Anabacerthia amaurotis,Anabacerthia amaurotis
Anabazenops fuscus,Anabazenops fuscus
Anadorhynchus glaucus,Anodorhynchus glaucus
Anas flavirostris,Anas flavirostris
Anas georgica,Anas georgica
Anhima cornuta,Anhima cornuta
Anhinga anhinga,Anhinga anhinga
Anodorhynchus glaucus,Anodorhynchus glaucus
Anodorhynchus hyacinthinus,Anodorhynchus hyacinthinus
Anodorhynchus leari,Anodorhynchus leari
Anous minutus,Anous minutus
Anous stolidus,Anous stolidus
Anthus hellmayri,Anthus hellmayri
Anthus nattereri,Anthus nattereri
Antilophia galeata,Antilophia galeata
Antrostomus rufus,Antrostomus rufus
Antrostomus sericocaudatus,Antrostomus sericocaudatus
Antrostomus sericocaudatus sericocaudatus,Antrostomus sericocaudatus sericocaudatus
Aphantochroa cirrhochloris,Aphantochroa cirrochloris
Ara ararauna,Ara ararauna
Ara chloroptera,Ara chloropterus
Ara chloropterus,Ara chloropterus
Aramides cajaneus avicenniae,Aramides cajaneus avicenniae
Aramides mangle,Aramides mangle
Aramides ypecaha,Aramides ypecaha
Aratinga auricapilla,Aratinga auricapillus
Aratinga auricapillus,Aratinga auricapillus
Aratinga pintoi,Aratinga maculata
Arremon semitorquatus,Arremon semitorquatus
Asio flammeus,Asio flammeus
Asio stygius,Asio stygius
Asthenes baeri,Asthenes baeri
Asthenes hudsoni,Asthenes hudsoni
Asthenes luziae,Asthenes luizae
Asthenes moreirae,Asthenes moreirae
Atticora melanoleuca,Pygochelidon melanoleuca
Attila rufus,Attila rufus
Attila spadiceus,Attila spadiceus
Attila spadiceus uropygiatus,Attila spadiceus uropygiatus
Augastes lumachella,Augastes lumachella
Automolus leucophthalmus,Automolus leucophthalmus
Baillonius bailloni,Pteroglossus bailloni
Bailonius bailloni,Pteroglossus bailloni
Bartramia longicauda,Bartramia longicauda
Baryphthengus ruficapillus,Baryphthengus ruficapillus
Basileuterus flaveolus,Myiothlypis flaveola
Basileuterus leucophrys,Myiothlypis leucophrys
Batara cinerea,Batara cinerea
Biatas nigropectus,Biatas nigropectus
Botaurus pinnatus,Botaurus pinnatus
Brachygalba lugubris,Brachygalba lugubris
Brachygalba lugubris melanosterna,Brachygalba lugubris melanosterna
Brotogeris tirica,Brotogeris tirica
Bubo virginianus,Bubo virginianus
Busarellus nigricollis,Busarellus nigricollis
Buteo albonotatus,Buteo albonotatus
Buteo leucorrhous,Parabuteo leucorrhous
Buteo melanoleucus,Geranoaetus melanoleucus
Buteo nitidus,Buteo nitidus
Buteo swainsoni,Buteo swainsoni
Buteogallus aequinoctialis,Buteogallus aequinoctialis
Cacicus solitarius,Cacicus solitarius
Cairina moschata,Cairina moschata
Calidris bairdii,Calidris bairdii
Calidris canutus,Calidris canutus
Calidris canutus rufa,Calidris canutus rufa
Calidris himantopus,Calidris himantopus
Calidris minutilla,Calidris minutilla
Calidris pusilla,Calidris pusilla
Calidris subruficollis,Calidris subruficollis
Calonectris borealis,Calonectris borealis
Calonectris edwardsii,Calonectris edwardsii
Campephilus leucopogon,Campephilus leucopogon
Campephilus robustus,Campephilus robustus
Campylorhamphus trochilirostris,Campylorhamphus trochilirostris
Campylorhynchus turdinus,Campylorhynchus turdinus
Caprimulgus hirundinaceus,Nyctidromus hirundinaceus
Caprimulgus longirostris,Hydropsalis longirostris
Caprimulgus sericocaudatus,Antrostomus sericocaudatus
Capsiempis flaveola,Capsiempis flaveola
Cariama cristata,Cariama cristata
Carpornis cucullata,Carpornis cucullata
Carpornis cucullatus,Carpornis cucullata
Carpornis melanocephala,Carpornis melanocephala
Carpornis melanocephalus,Carpornis melanocephala
Casiornis rufus,Casiornis rufus
Celeus flavus,Celeus flavus
Celeus flavus subflavus,Celeus flavus subflavus
Celeus galeatus,Celeus galeatus
Celeus torquatus,Celeus torquatus
Celeus torquatus pieteroyensi,Celeus torquatus pieteroyensi
Ceratopipra rubrocapilla,Ceratopipra rubrocapilla
Cercomacra brasiliana,Cercomacra brasiliana
Cercomacra ferdinandi,Cercomacra ferdinandi
Chamaeza campanisona,Chamaeza campanisona
Chamaeza meruloides,Chamaeza meruloides
Charadrius falklandicus,Charadrius falklandicus
Charadrius wilsonia,Charadrius wilsonia
Charadrius wilsonia wilsonia,Charadrius wilsonia wilsonia
Charitospiza eucosma,Charitospiza eucosma
Chelidoptera tenebrosa,Chelidoptera tenebrosa
Chelidoptera tenebrosa brasiliensis,Chelidoptera tenebrosa brasiliensis
Chiroxiphia pareola,Chiroxiphia pareola
Chloroceryle aenea,Chloroceryle aenea
Chloroceryle inda,Chloroceryle inda
Chlorophanes spiza,Chlorophanes spiza
Chondrohierax uncinatus,Chondrohierax uncinatus
Chordeiles minor,Chordeiles minor
Chroicocephalus cirrocephalus,Chroicocephalus cirrocephalus
Ciccaba huhula,Strix huhula
Ciccaba virgata,Strix virgata
Cichlocolaptes leucophrus,Cichlocolaptes leucophrus
Cichlopsis leucogenys,Cichlopsis leucogenys
Ciconia maguari,Ciconia maguari
Cinclodes pabsti,Cinclodes pabsti
Circus buffoni,Circus buffoni
Circus cinereus,Circus cinereus
Cissopis leveriana,Cissopis leverianus
Cissopis leverianus,Cissopis leverianus
Cistothorus platensis,Cistothorus platensis
Claravis geoffroyi,Paraclaravis geoffroyi
Claravis godefrida,Paraclaravis geoffroyi
Claravis pretiosa,Claravis pretiosa
Clibanornis dendrocolaptoides,Clibanornis dendrocolaptoides
Clibanornis rectirostris,Clibanornis rectirostris
Cnemotriccus fuscatus fuscatus,Cnemotriccus fuscatus fuscatus
Coccyzus euleri,Coccyzus euleri
Cochlearius cochlearius,Cochlearius cochlearius
Cochlearius cochlearius cochlearius,Cochlearius cochlearius cochlearius
Colibri delphinae,Colibri delphinae
Colibri serrirostris,Colibri serrirostris
Colonia colonus,Colonia colonus
Columba cayennensis,Patagioenas cayennensis
Columba plumbea,Patagioenas plumbea
Columba speciosa,Patagioenas speciosa
Columbina cyanopis,Columbina cyanopis
Columbina minuta,Columbina minuta
Conirostrum bicolor,Conirostrum bicolor
Conopias trivirgatus,Conopias trivirgatus
Contopus cinereus,Contopus cinereus
Coryphaspiza melanotis,Coryphaspiza melanotis
Coryphaspiza melanotis marajoara,Coryphaspiza melanotis marajoara
Coryphistera alaudina,Coryphistera alaudina
Corythopis delalandi,Corythopis delalandi
Cotinga maculata,Cotinga maculata
Coturnicops notatus,Coturnicops notatus
Cranioleuca sulphurifera,Limnoctites sulphuriferus
Cranioleuca vulpina,Cranioleuca vulpina
Crax blumembachii,Crax blumenbachii
Crax blumenbachii,Crax blumenbachii
Crax fasciolata,Crax fasciolata
Crax fasciolata fasciolata,Crax fasciolata fasciolata
Crax fasciolata pinima,Crax fasciolata pinima
Crotophaga major,Crotophaga major
Crypturellus noctivagus,Crypturellus noctivagus
Crypturellus noctivagus noctivagus,Crypturellus noctivagus
Crypturellus undulatus,Crypturellus undulatus
Crypturellus undulatus vermiculatus,Crypturellus undulatus vermiculatus
Crypturellus variegatus,Crypturellus variegatus
Culicivora caudacuta,Culicivora caudacuta
Curaeus forbesi,Anumara forbesi
Cyanocorax cristatellus,Cyanocorax cristatellus
Cyanocorax cyanomelas,Cyanocorax cyanomelas
Cyanoloxia brissonii sterea,Cyanoloxia brissonii sterea
Cyanopsitta spixii,Cyanopsitta spixii
Cypsnagra hirundinacea,Cypsnagra hirundinacea
Dacnis nigripes,Dacnis nigripes
Daption capense,Daption capense
Daptrius americanus,Ibycter americanus
Deconychura longicauda zimmeri,Deconychura longicauda zimmeri
Dendrexetastes rufigula paraensis,Dendrexetastes paraensis
Dendrocincia turdina,Dendrocincla turdina
Dendrocincla merula badia,Dendrocincla merula badia
Dendrocincla turdina,Dendrocincla turdina
Dendrocolaptes certhia medius,Dendrocolaptes medius
Dendrocygna bicolor,Dendrocygna bicolor
Diomedea dabbenena,Diomedea dabbenena
Diomedea epomophora,Diomedea epomophora
Diomedea exulans,Diomedea exulans
Diomedea sanfordi,Diomedea sanfordi
Discosura langsdorffi,Discosura langsdorffi
Dixiphia pipra,Pseudopipra pipra
Dromococcyx pavoninus,Dromococcyx pavoninus
Dromococcyx phasianellus,Dromococcyx phasianellus
Drymophila genei,Drymophila genei
Drymophila rubricollis,Drymophila rubricollis
Drymophila squamata,Drymophila squamata
Drymornis bridgesii,Drymornis bridgesii
Dryocopus galeatus,Celeus galeatus
Dryocopus lineatus,Dryocopus lineatus
Dysithamnus plumbeus,Dysithamnus plumbeus
Dysithamnus xanthopterus,Dysithamnus xanthopterus
Eleoscytalopus indigoticus,Eleoscytalopus indigoticus
Eleoscytalopus psychopompus,Eleoscytalopus psychopompus
Eleothreptus anomalus,Hydropsalis anomala
Eudocimus ruber,Eudocimus ruber
Euphonia chalybea,Euphonia chalybea
Euphonia violacea,Euphonia violacea
Euscarthmus rufomarginatus,Euscarthmus rufomarginatus
Falco deiroleucus,Falco deiroleucus
Falco refigularis,Falco rufigularis
Falco rufigularis ophryophanes,Falco rufigularis ophryophanes
Formicarius colma,Formicarius colma
Formicarius colma ruficeps,Formicarius colma ruficeps
Formicivora acutirostris,Formicivora acutirostris
Formicivora erythronotus,Formicivora erythronotos
Formicivora grantsaui,Formicivora grantsaui
Formicivora ihering,Formicivora iheringi
Formicivora littoralis,Formicivora littoralis
Formicivora rufa,Formicivora rufa
Fregata ariel,Fregata trinitatis
Fregata minor,Fregata minor
Fulica rufifrons,Fulica rufifrons
Fulmarus glacialoides,Fulmarus glacialoides
Galbula ruficauda,Galbula ruficauda
Gallinago undulata,Gallinago undulata
Gallinago undulata gigantea,Gallinago undulata gigantea
Gallinula melanops,Porphyriops melanops
Gelochelidon nilotica,Gelochelidon nilotica
Geobates pocilopterus,Geositta poeciloptera
Geositta cunicularia,Geositta cunicularia
Geositta poeciloptera,Geositta poeciloptera
Geotrygon violacea,Geotrygon violacea
Geotrygon violacea violacea,Geotrygon violacea violacea
Geranoaetus melanoleucus,Geranoaetus melanoleucus
Glaucidium minutissimum,Glaucidium minutissimum
Glaucis dohrnii,Glaucis dohrnii
Glyphorinchus spirurus,Glyphorynchus spirurus
Glyphorynchus spirurus,Glyphorynchus spirurus
Grallaria varia,Grallaria varia
Grallaria varia imperator,Grallaria varia imperator
Griseotyrannus aurantioatrocristatus,Griseotyrannus aurantioatrocristatus
Guaruba guarouba,Guaruba guarouba
Gubernatrix cristata,Gubernatrix cristata
Gubernetes yetapa,Gubernetes yetapa
Gygis alba alba,Gygis alba
Haematopus palliatus,Haematopus palliatus
Haematopus palliatus palliatus,Haematopus palliatus palliatus
Harpagus bidentatus,Harpagus bidentatus
Harpia harpyja,Harpia harpyja
Harpyhaliaetus coronatus,Urubitinga coronata
Heliactin bilophus,Heliactin bilophus
Heliornis fulica,Heliornis fulica
Hemitriccus diops,Hemitriccus diops
Hemitriccus furcatus,Hemitriccus furcatus
Hemitriccus kaempferi,Hemitriccus kaempferi
Hemitriccus obsoletus,Hemitriccus obsoletus
Hemitriccus orbitatus,Hemitriccus orbitatus
Herpetotheres cachinnans,Herpetotheres cachinnans
Herpsilochmus atricapillus,Herpsilochmus atricapillus
Heteroxolmis dominicana,Heteroxolmis dominicanus
Hydropsalis anomala,Hydropsalis anomala
Hydropsalis candicans,Hydropsalis candicans
Hydropsalis forcipata,Hydropsalis forcipata
Hydropsalis maculicaudus,Hydropsalis maculicaudus
Hylocharis cyanus,Chlorestes cyanus
Hylocharis sapphirina,Hylocharis sapphirina
Hylopezus nattereri,Cryptopezus nattereri
Hylophilus amaurocephalus,Hylophilus amaurocephalus
Hymenops perspicillatus,Hymenops perspicillatus
Hypoedaleus guttatus,Hypoedaleus guttatus
Ibycter americanus,Ibycter americanus
Iodopleura pipra,Iodopleura pipra
Ixobrychus exilis,Ixobrychus exilis
Ixobrychus involucris,Ixobrychus involucris
Jabiru mycteria,Jabiru mycteria
Jacamaralcyon tridactyla,Jacamaralcyon tridactyla
Laniisoma elegans,Laniisoma elegans
Laniocera hypopyrra,Laniocera hypopyrra
Larus atlanticus,Larus atlanticus
Larus maculipennis,Chroicocephalus maculipennis
Laterallus exilis,Laterallus exilis
Laterallus xenopterus,Laterallus xenopterus
Lepidocolaptes angustirostris,Lepidocolaptes angustirostris
Lepidocolaptes wagleri,Lepidocolaptes wagleri
Leptasthenura platensis,Leptasthenura platensis
Leptasthenura striolata,Leptasthenura striolata
Leptodon cayanensis,Leptodon cayanensis
Leptotriccus sylviolus,Phylloscartes sylviolus
Lessonia rufa,Lessonia rufa
Leucopternis lacernulata,Amadonastur lacernulatus
Leucopternis lacernulatus,Amadonastur lacernulatus
Leucopternis polionota,Pseudastur polionotus
Leucopternis polionotus,Pseudastur polionotus
Limnoctites rectirostris,Limnoctites rectirostris
Limnornis curvirostris,Limnornis curvirostris
Limosa haemastica,Limosa haemastica
Lipaugus lanioides,Lipaugus lanioides
Lipaugus vociferans,Lipaugus vociferans
Lophornis magnificus,Lophornis magnificus
Machaeropterus regulus,Machaeropterus regulus
Mackenziaena leachii,Mackenziaena leachii
Mackenziaena severa,Mackenziaena severa
Macronectes giganteus,Macronectes giganteus
Macronectes halli,Macronectes halli
Macropsalis creagra,Hydropsalis forcipata
Macropsalis forcipata,Hydropsalis forcipata
Manacus manacus,Manacus manacus
Megascops atricapilla,Megascops atricapilla
Megaxenops parnaguae,Megaxenops parnaguae
Melanerpes flavifrons,Melanerpes flavifrons
Mergus octosetaceus,Mergus octosetaceus
Merulaxis ater,Merulaxis ater
Merulaxis stresemanni,Merulaxis stresemanni
Mesembrinibis cayennensis,Mesembrinibis cayennensis
Micrastur mintoni,Micrastur mintoni
Micrastur mirandollei,Micrastur mirandollei
Micropygia schomburgkii,Micropygia schomburgkii
Micropygia schomburgkii chapmani,Micropygia schomburgkii chapmani
Microspingus lateralis,Microspingus lateralis
Milvago chimango,Milvago chimango
Mimus gilvus,Mimus gilvus
Mimus gilvus antelius,Mimus gilvus antelius
Molothrus oryzivorus,Molothrus oryzivorus
Momotus momota,Momotus momota
Monasa morphoeus,Monasa morphoeus
Monasa morphoeus morphoeus,Monasa morphoeus morphoeus
Monasa nigrifrons nigrifrons,Monasa nigrifrons nigrifrons
Morphnus guianensis,Morphnus guianensis
Mycteria americana,Mycteria americana
Myiarchus tyrannulus,Myiarchus tyrannulus
Myiobius atricaudus,Myiobius atricaudus
Myiobius barbatus,Myiobius barbatus
Myiothlypis leucophrys,Myiothlypis leucophrys
Myiothlypis rivularis,Myiothlypis rivularis
Myrmeciza ruficauda,Myrmoderus ruficauda
Myrmeciza squamosa,Myrmoderus squamosus
Myrmoderus ruficauda ruficauda,Myrmoderus ruficauda ruficauda
Myrmoderus ruficaudus,Myrmoderus ruficauda
Myrmoderus squamosus,Myrmoderus squamosus
Myrmotherula klagesi,Myrmotherula klagesi
Myrmotherula minor,Myrmotherula minor
Myrmotherula unicolor,Myrmotherula unicolor
Myrmotherula urosticta,Myrmotherula urosticta
Nemosia rourei,Nemosia rourei
Neocrex erythrops,Neocrex erythrops
Neomorphus geoffroyi,Neomorphus geoffroyi
Neomorphus geoffroyi dulcis,Neomorphus geoffroyi dulcis
Neopelma aurifrons,Neopelma aurifrons
Neothraupis fasciata,Neothraupis fasciata
Netta erythrophthalma,Netta erythrophthalma
Netta peposaca,Netta peposaca
Nonnula rubecula,Nonnula rubecula
Nonnula rubecula rubecula,Nonnula rubecula rubecula
Notharchus swainsoni,Notharchus swainsoni
Nothura minor,Nothura minor
Numenius borealis,Numenius borealis
Numenius hudsonicus,Numenius hudsonicus
Nyctanassa violacea,Nyctanassa violacea
Nyctibius aethereus,Nyctibius aethereus
Nyctibius aethereus aethereus,Nyctibius aethereus aethereus
Nyctibius grandis,Nyctibius grandis
Nyctibius grandis grandis,Nyctibius grandis grandis
Nyctibius leucopterus,Nyctibius leucopterus
Nycticryphes semicollaris,Nycticryphes semicollaris
Nyctidromus hirundinaceus,Nyctidromus hirundinaceus
Nyctiphrynus ocellatus,Nyctiphrynus ocellatus
Nystalus maculatus,Nystalus maculatus
Oceanites oceanicus,Oceanites oceanicus
Odontophorus capueira,Odontophorus capueira
Onychoprion fuscatus fuscatus,Onychoprion fuscatus fuscatus
Onychorhynchus coronatus,Onychorhynchus coronatus
Onychorhynchus swainsoni,Onychorhynchus swainsoni
Onycorhynchus coronatus,Onychorhynchus coronatus
Onycorhynchus swainsoni,Onychorhynchus swainsoni
Orchesticus abeillei,Orchesticus abeillei
Ornithion inerme,Ornithion inerme
Ortalis guttata,Ortalis guttata
Ortalis guttata remota,Ortalis remota
Ortalis squamata,Ortalis squamata
Orthogonys chloricterus,Orthogonys chloricterus
Orthopsittaca manilatus,Orthopsittaca manilatus
Oryzoborus angolensis,Sporophila angolensis
Oryzoborus maximiliani,Sporophila maximiliani
Oryzobous maximiliani,Sporophila maximiliani
Oxyruncus cristatus cristatus,Oxyruncus cristatus cristatus
Pachyptila belcheri,Pachyptila belcheri
Pachyramphus marginatus,Pachyramphus marginatus
Panyptila cayennensis,Panyptila cayennensis
Parabuteo leucorrhous,Parabuteo leucorrhous
Parabuteo unicinctus,Parabuteo unicinctus
Passerina brissonii,Cyanoloxia brissonii
Passerina glaucocaerulea,Cyanoloxia glaucocaerulea
Patagioenas plumbea,Patagioenas plumbea
Patagioenas speciosa,Patagioenas speciosa
Penelope jacucaca,Penelope jacucaca
Penelope obscura,Penelope obscura
Penelope ochrogaster,Penelope ochrogaster
Penelope superciliaris,Penelope superciliaris
Phacellodomus ferrugineigula,Phacellodomus ferrugineigula
Phacellodomus rufifrons,Phacellodomus rufifrons
Phacellodomus striaticollis,Phacellodomus striaticollis
Phaeothlypis rivularis,Myiothlypis rivularis
Phaethon aethereus,Phaethon aethereus
Phaethon lepturus,Phaethon lepturus
Phaethornis eurynome,Phaethornis eurynome
Phaethornis margarettae,Phaethornis margarettae
Phaetusa simplex,Phaetusa simplex
Phaetusa simplex simplex,Phaetusa simplex simplex
Phalaropus tricolor,Phalaropus tricolor
Phibaltura flavirostris,Phibalura flavirostris
Phibalura flavirostris,Phibalura flavirostris
Philydor atricapillus,Philydor atricapillus
Philydor dimidiatum,Syndactyla dimidiata
Philydor lichtensteini,Anabacerthia lichtensteini
Phlegopsis nigromaculata paraensis,Phlegopsis nigromaculata paraensis
Phleocryptes melanops,Phleocryptes melanops
Phoebetria fusca,Phoebetria fusca
Phyllomyias griseocapilla,Phyllomyias griseocapilla
Phylloscartes beckeri,Phylloscartes beckeri
Phylloscartes difficilis,Phylloscartes difficilis
Phylloscartes eximius,Phylloscartes eximius
Phylloscartes kronei,Phylloscartes kronei
Phylloscartes oustaleti,Phylloscartes oustaleti
Phylloscartes paulista,Phylloscartes paulista
Phylloscartes roquettei,Phylloscartes roquettei
Phylloscartes sylviolus,Phylloscartes sylviolus
Picoides mixtus,Veniliornis mixtus
Piculus chrysochloros paraensis,Piculus paraensis
Piculus chrysochlorus,Piculus chrysochloros
Piculus flavigula,Piculus flavigula
Pieroglossus castanotis,Pteroglossus castanotis
Pilherodius pileatus,Pilherodius pileatus
Pionopsitta pileata,Pionopsitta pileata
Pionus menstruus,Pionus menstruus
Pionus reichenowi,Pionus reichenowi
Pipile jacutinga,Aburria jacutinga
Pipra pipra,Pseudopipra pipra
Pipra rubrocapilla,Ceratopipra rubrocapilla
Piprites chloris,Piprites chloris
Piprites chloris griseicens,Piprites chloris grisescens
Piprites pileata,Piprites pileata
Piprites pileatus,Piprites pileata
Piranga flava,Piranga flava
Platalea ajaja,Platalea ajaja
Platyrinchus leucoryphus,Platyrinchus leucoryphus
Plegadis chihi,Plegadis chihi
Podiceps occipitalis,Podiceps occipitalis
Poecilotriccus latirostris,Poecilotriccus latirostris
Polioptila lactea,Polioptila lactea
Polystictus pectoralis,Polystictus pectoralis
Polystictus superciliaris,Polystictus superciliaris
Polytmus guainumbi,Polytmus guainumbi
Poospiza cinerea,Microspingus cinereus
Poospiza melanoleuca,Microspingus melanoleucus
Poospiza thoracica,Castanozoster thoracicus
Popelairia langsdorffi,Discosura langsdorffi
Porphyrio flavirostris,Porphyrio flavirostris
Porphyriops melanops,Porphyriops melanops
Porphyriops melanops melanops,Porphyriops melanops melanops
Porzana flaviventer,Laterallus flaviventer
Porzana spiloptera,Laterallus spilopterus
Primolius maracana,Primolius maracana
Procacicus solitarius,Cacicus solitarius
Procellaria aequinoctialis,Procellaria aequinoctialis
Procellaria conspicillata,Procellaria conspicillata
Procnias nudicollis,Procnias nudicollis
Progne elegans,Progne elegans
Progne subis,Progne subis
Propyrrhura maracana,Primolius maracana
Psarocolius decumanus,Psarocolius decumanus
Pseudastur polionotus,Pseudastur polionotus
Pseudocolopteryx acutipennis,Pseudocolopteryx acutipennis
Pseudocolopteryx flaviventris,Pseudocolopteryx flaviventris
Pseudocolopteryx sclateri,Pseudocolopteryx sclateri
Pseudoseisura lophotes,Pseudoseisura lophotes
Psilorhamphus guttatus,Psilorhamphus guttatus
Psophia viridis obscura,Psophia obscura
Pterodroma arminjoniana,Pterodroma arminjoniana
Pterodroma incerta,Pterodroma incerta
Pteroglossus aracari,Pteroglossus aracari
Pteroglossus aracari wiedii,Pteroglossus aracari wiedii
Pteroglossus bailloni,Pteroglossus bailloni
Pteroglossus bitorquatus bitorquatus,Pteroglossus bitorquatus bitorquatus
Pteroglossus castanotis,Pteroglossus castanotis
Pteroglossus castanotis australis,Pteroglossus castanotis australis
Puffinus gravis,Ardenna gravis
Puffinus griseus,Ardenna grisea
Puffinus lherminieri,Puffinus lherminieri
Puffinus puffinus,Puffinus puffinus
Pulsatrix perspicillata,Pulsatrix perspicillata
Pulsatrix perspicillata perspicillata,Pulsatrix perspicillata perspicillata
Pulsatrix perspicillata pulsatrix,Pulsatrix perspicillata pulsatrix
Pyriglena atra,Pyriglena atra
Pyriglena leucoptera,Pyriglena leucoptera
Pyroderus scutatus,Pyroderus scutatus
Pyroderus scutatus scutatus,Pyroderus scutatus scutatus
Pyrrhura cruentata,Pyrrhura cruentata
Pyrrhura leucotis,Pyrrhura leucotis
Pyrrhura perlata lepida,Pyrrhura perlata
Rallus longirostris,Rallus longirostris
Rallus longirostris crassirostris,Rallus longirostris crassirostris
Rallus maculatus,Pardirallus maculatus
Ramphastos toco,Ramphastos toco
Ramphastos vitellinus,Ramphastos vitellinus
Ramphocaenus melanurus,Ramphocaenus melanurus
Ramphocelus bresilius,Ramphocelus bresilia
Ramphodon naevius,Ramphodon naevius
Ramphotrigon megacephala,Ramphotrigon megacephalum
Ramphotrigon megacephalum,Ramphotrigon megacephalum
Rea americana,Rhea americana
Rhea americana,Rhea americana
Rhea americana americana,Rhea americana americana
Rhopias gularis,Rhopias gularis
Rhopornis ardesiacus,Rhopornis ardesiacus
Rhynchocyclus olivaceus,Rhynchocyclus olivaceus
Rhynchocyclus olivaceus olivaceus,Rhynchocyclus olivaceus olivaceus
Rhytipterna simplex,Rhytipterna simplex
Sakesphorus luctuosus araguayae,Sakesphorus luctuosus
Saltator atricollis,Saltatricula atricollis
Saltator fuliginosus,Saltator fuliginosus
Saltator similis,Saltator similis
Sarcoramphus papa,Sarcoramphus papa
Sarkidiornis melanotos,Sarkidiornis sylvicola
Sarkidiornis sylvicola,Sarkidiornis sylvicola
Schiffornis turdina,Schiffornis turdina
Schiffornis turdina turdina,Schiffornis turdina turdina
Schistochlamys melanopis,Schistochlamys melanopis
Sclerurus caudacutus,Sclerurus caudacutus
Sclerurus caudacutus umbretta,Sclerurus caudacutus umbretta
Sclerurus cearensis,Sclerurus cearensis
Sclerurus macconnelli,Sclerurus macconnelli
Sclerurus mexicanus,Sclerurus macconnelli
Scytalopus diamantinensis,Scytalopus diamantinensis
Scytalopus indigoticus,Eleoscytalopus indigoticus
Scytalopus iraiensis,Scytalopus iraiensis
Scytalopus novacapitalis,Scytalopus novacapitalis
Scytalopus pachecoi,Scytalopus pachecoi
Scytalopus speluncae,Scytalopus speluncae
Selenidera maculirostris,Selenidera maculirostris
Selenidera maculitostris,Selenidera maculirostris
Sicalis flaveola,Sicalis flaveola
Spartonoica maluroides,Spartonoica maluroides
Spheniscus magellanicus,Spheniscus magellanicus
Spizaetus melanoleucus,Spizaetus melanoleucus
Spizaetus ornatus,Spizaetus ornatus
Spizaetus ornatus ornatus,Spizaetus ornatus ornatus
Spizaetus tyrannus,Spizaetus tyrannus
Spizastur melanoleucus,Spizaetus melanoleucus
Sporagra yarrellii,Spinus yarrellii
Sporophila angolensis,Sporophila angolensis
Sporophila beltoni,Sporophila beltoni
Sporophila bouvreuil,Sporophila bouvreuil
Sporophila cinnamomea,Sporophila cinnamomea
Sporophila collaris,Sporophila collaris
Sporophila falcirostris,Sporophila falcirostris
Sporophila frontalis,Sporophila frontalis
Sporophila hypoxantha,Sporophila hypoxantha
Sporophila leucoptera,Sporophila leucoptera
Sporophila maximiliani,Sporophila maximiliani
Sporophila melanogaster,Sporophila melanogaster
Sporophila nigricollis,Sporophila nigricollis
Sporophila palustris,Sporophila palustris
Sporophila pileata,Sporophila pileata
Sporophila plumbea,Sporophila plumbea
Sporophila ruficollis,Sporophila ruficollis
Sporophyla collaris,Sporophila collaris
Sporophyla falcirostris,Sporophila falcirostris
Sporophyla frontalis,Sporophila frontalis
Stephanophorus diadematus,Stephanophorus diadematus
Stephanoxis lalandi,Stephanoxis lalandi
Stercorarius antarcticus,Stercorarius antarcticus
Stercorarius chilensis,Stercorarius chilensis
Stercorarius longicaudus,Stercorarius longicaudus
Stercorarius maccormicki,Stercorarius maccormicki
Stercorarius parasiticus,Stercorarius parasiticus
Stercorarius pomarinus,Stercorarius pomarinus
Sterna hirundinacea,Sterna hirundinacea
Sternula superciliaris,Sternula superciliaris
Strix huhula,Strix huhula
Strix huhula albomarginata,Strix huhula albomarginata
Strix virgata,Strix virgata
Sturnella defilippii,Leistes defilippii
Stymphalornis acutirostris,Formicivora acutirostris
Suiriri affinis,Guyramemua affine
Suiriri islerorum,Guyramemua affine
Suiriri suiriri,Suiriri suiriri
Sula dactylatra,Sula dactylatra
Sula sula,Sula sula
Synallaxis albilora,Synallaxis albilora
Synallaxis cinerea,Synallaxis cinerea
Synallaxis hypospodia,Synallaxis hypospodia
Synallaxis rutilans omissa,Synallaxis rutilans omissa
Syndactyla dimidiata,Syndactyla dimidiata
Synollaxis albescens,Synallaxis albescens
Tachornis squamata,Tachornis squamata
Tachuris rubrigastra,Tachuris rubrigastra
Tachyphonus cristatus,Loriotus cristatus
Tangara cayana,Stilpnia cayana
Tangara cyanocephala,Tangara cyanocephala
Tangara cyanomelas,Tangara cyanomelas
Tangara mexicana,Tangara mexicana
Tangara peruviana,Stilpnia peruviana
Tangara seledon,Tangara seledon
Tangara velia,Tangara velia
Tangara velia signata,Tangara velia signata
Taoniscus nanus,Taoniscus nanus
Thalassarche cauta,Thalassarche cauta
Thalassarche chlororhynchos,Thalassarche chlororhynchos
Thalassarche chrysostoma,Thalassarche chrysostoma
Thalassarche melanophris,Thalassarche melanophris
Thalasseus acuflavidus,Thalasseus acuflavidus
Thalasseus acuflavidus eurygnathus,Thalasseus acuflavidus eurygnathus
Thalasseus maximus,Thalasseus maximus
Thalasseus maximus maximus,Thalasseus maximus
Thalurania furcata,Thalurania furcata
Thalurania furcata eriphile,Thalurania furcata eriphile
Thamnomanes caesius,Thamnomanes caesius
Thamnomanes caesius caesius,Thamnomanes caesius caesius
Thamnophilus aethiops incertus,Thamnophilus aethiops incertus
Thamnophilus nigropictus,Biatas nigropectus
Thamnophilus pelzelni,Thamnophilus pelzelni
Threnetes leucurus medianus,Threnetes leucurus medianus
Thripophaga macroura,Thripophaga macroura
Tigrisoma fasciatum,Tigrisoma fasciatum
Tigrisoma fasciatum fasciatum,Tigrisoma fasciatum fasciatum
Tinamus solitarius,Tinamus solitarius
Tityra semifasciata,Tityra semifasciata
Tolmomyias assimilis paraensis,Tolmomyias assimilis paraensis
Touit melanonota,Touit melanonotus
Touit melanonotus,Touit melanonotus
Touit surda,Touit surdus
Touit surdus,Touit surdus
Triclaria malachitacea,Triclaria malachitacea
Tringa semipalmata,Tringa semipalmata
Trogon collaris,Trogon collaris
Trogon viridis,Trogon viridis
Tryngites subruficollis,Calidris subruficollis
Turdus fumigatus,Turdus fumigatus
Turdus fumigatus fumigatus,Turdus fumigatus fumigatus
Tyranniscus burmeisteri,Tyranniscus burmeisteri
Tyrannus albogularis,Tyrannus albogularis
Urubitinga coronata,Urubitinga coronata
Urubitinga urubitinga,Urubitinga urubitinga
Vanellus cayanus,Vanellus cayanus
Veniliornis affinis,Veniliornis affinis
Veniliornis affinis affinis,Veniliornis affinis affinis
Veniliornis mixtus,Veniliornis mixtus
Veniliornis mixtus cancellatus,Veniliornis mixtus cancellatus
Xanthopsar flavus,Xanthopsar flavus
Xenopsaris albinucha,Xenopsaris albinucha
Xiphocolaptes falcirostris,Xiphocolaptes falcirostris
Xiphocolaptes falcirostris franciscanus,Xiphocolaptes falcirostris franciscanus
Xipholena atropurpurea,Xipholena atropurpurea
Xiphorhynchus guttatus,Xiphorhynchus guttatus
Xiphorhynchus guttatus guttatus,Xiphorhynchus guttatus guttatus
Xiphorhynchus picus,Dendroplex picus
Xolmis dominicanus,Heteroxolmis dominicanus
Xolmis irupero,Xolmis irupero
